time,contract,path
1731104115.1922934,simple_suicide_sol_SimpleSuicide.hex,"[0, 12, 68, 79, 88, 112]"
1731104115.3309615,proxy_sol_Proxy.hex,"[0, 13, 70, 82, 207, 249, 276, 321, 337]"
